Zillow zpid,Street Address,City,Zip Code,State,Status,Neighborhood,Type,Number of Beds,Number of Bathrooms,price,Property Value Estimate,Property Rent Estimate,Days on Zillow,Time on Zillow,brokerageName,Date_Posted,Last Sold Price,Lot Size,Lot Area Value,lot Area Units,Year Built,CountyID,ThirtyYearFixedRate,ParcelID,countyFIPS
1698331,3022 Arthur St NE,Minneapolis,55418,MN,FOR_SALE,Waite Park,SINGLE_FAMILY,2 Bedrooms,1  Bathrooms,$270000,UNKNOWN,UNKNOWN,2 Days,2 days,BRIX Real Estate,2024-02-15,$245000,5227,5227.2,Square Feet,1930,2339,6.58,102924000000,27053
1805134,2322 McKinley St NE,Minneapolis,55418,MN,FOR_SALE,Windom Park,SINGLE_FAMILY,3 Bedrooms,2  Bathrooms,$475000,$483100,$2394,4 Days,4 days,eXp Realty,2024-02-13,$296000,5227,5227.2,Square Feet,1917,2339,6.58,1202920000000,27053
132479395,3641 10th Ave S,Minneapolis,55407,MN,FOR_SALE,Powderhorn Park,MULTI_FAMILY,4 Bedrooms,4  Bathrooms,$655000,UNKNOWN,UNKNOWN,0 Days,19 hours,Fish MLS Realty,2024-02-17,$367500,5662,5662.8,Square Feet,1927,2339,6.615,202824000000,27053
2057083583,2388 W Lake Of The Isles Pkwy,Minneapolis,55405,MN,FOR_SALE,Kenwood,SINGLE_FAMILY,4 Bedrooms,5  Bathrooms,$4599000,$4441500,$23614,243 Days,243 days,Coldwell Banker Realty,2023-06-19,UNKNOWN,12196,0.28,Acres,1922,2339,6.894,NULL,NULL
1718946,4238 Humboldt Ave N,Minneapolis,55412,MN,FOR_SALE,Webber-Camden,SINGLE_FAMILY,3 Bedrooms,2  Bathrooms,$260000,$266000,$2123,2 Days,2 days,Homefield Realty,2024-02-15,$144000,4791,4791.6,Square Feet,1923,2339,6.58,402924000000,27053
1727180,4101 Sheridan Ave N,Minneapolis,55412,MN,FOR_SALE,Victory,SINGLE_FAMILY,3 Bedrooms,2  Bathrooms,$255000,$260800,$1869,5 Days,5 days,REMAX Results,2024-02-12,$208500,5227,5227.2,Square Feet,1913,2339,6.58,502924000000,27053
1726322,3334 Ivy Ln,Minneapolis,55416,MN,FOR_SALE,West Calhoun,SINGLE_FAMILY,3 Bedrooms,3  Bathrooms,$600000,UNKNOWN,UNKNOWN,3 Days,3 days,"Edina Realty, Inc.",2024-02-14,$348400,3049,3049.2,Square Feet,1903,2339,6.615,502824000000,27053
1713010,3617 6th St N,Minneapolis,55412,MN,FOR_SALE,Mckinley,SINGLE_FAMILY,3 Bedrooms,2  Bathrooms,$156000,UNKNOWN,$2100,4 Days,4 days,Keller Williams Integrity Realty,2024-02-13,$181700,9583,9583.2,Square Feet,1930,2339,NULL,302924000000,27053
1977060,2924 32nd Ave S,Minneapolis,55406,MN,FOR_SALE,Longfellow,SINGLE_FAMILY,3 Bedrooms,2  Bathrooms,$364900,$354900,$2495,58 Days,58 days,"Bridge Realty, LLC",2023-12-21,$135000,6969,6969.6,Square Feet,1908,2339,6.58,3102920000000,27053
1850150,2107 Penn Ave N,Minneapolis,55411,MN,FOR_SALE,Willard Hay,SINGLE_FAMILY,3 Bedrooms,2  Bathrooms,$215000,$218000,$1949,2 Days,2 days,REMAX Results,2024-02-15,$32718,5662,5662.8,Square Feet,1907,2339,NULL,1702920000000,27053
1705650,3748 Elliot Ave,Minneapolis,55407,MN,FOR_SALE,Powderhorn Park,SINGLE_FAMILY,3 Bedrooms,1  Bathrooms,$310000,UNKNOWN,$1900,4 Days,4 days,Keller Williams Classic Rlty NW,2024-02-13,$134550,4791,4791.6,Square Feet,1910,2339,6.58,202824000000,27053
1696440,3323 Arthur St NE,Minneapolis,55418,MN,FOR_SALE,Waite Park,SINGLE_FAMILY,4 Bedrooms,3  Bathrooms,$400000,$408600,$2094,2 Days,2 days,eXp Realty,2024-02-15,UNKNOWN,8276,8276.4,Square Feet,1954,2339,6.58,102924000000,27053
1876376,1035 20th Ave SE,Minneapolis,55414,MN,FOR_SALE,Southeast Como,SINGLE_FAMILY,4 Bedrooms,1  Bathrooms,$229900,UNKNOWN,UNKNOWN,37 Days,37 days,REMAX Results,2024-01-11,$199900,5662,5662.8,Square Feet,1910,2339,NULL,1902920000000,27053
1840014,1826 Dupont Ave N,Minneapolis,55411,MN,FOR_SALE,Near North,SINGLE_FAMILY,3 Bedrooms,2  Bathrooms,$259900,$263000,$2199,9 Days,9 days,"Real Broker, LLC",2024-02-08,$112000,6969,6969.6,Square Feet,1914,2339,6.58,1602920000000,27053
1694460,3312 Longfellow Ave,Minneapolis,55407,MN,FOR_SALE,Corcoran,SINGLE_FAMILY,4 Bedrooms,1  Bathrooms,$349000,UNKNOWN,UNKNOWN,3 Days,3 days,Keller Williams Integrity Realty,2024-02-14,$231900,0,0.14,Square Feet,1912,2339,6.58,102824000000,27053
1898010,531 Newton Ave N,Minneapolis,55405,MN,FOR_SALE,Harrison,SINGLE_FAMILY,4 Bedrooms,2  Bathrooms,$309900,UNKNOWN,$2495,0 Days,11 hours,Hewitt Jackson Real Estate,2024-02-17,$150000,5227,5227.2,Square Feet,1927,2339,6.58,2102920000000,27053
2023267,2817 29th Ave S,Minneapolis,55406,MN,FOR_SALE,Longfellow,SINGLE_FAMILY,4 Bedrooms,2  Bathrooms,$319900,$326200,$2400,4 Days,4 days,Coldwell Banker Realty,2024-02-13,$188900,7405,7405.2,Square Feet,1903,2339,6.58,3602920000000,27053
1802938,2710 Brighton Ave NE,Minneapolis,55418,MN,FOR_SALE,Audubon Park,SINGLE_FAMILY,4 Bedrooms,3  Bathrooms,$450000,$461100,$2383,2 Days,2 days,Redfin Corporation,2024-02-15,$238200,4356,4356,Square Feet,1917,2339,6.58,1202920000000,27053
2016723,2107 Portland Ave,Minneapolis,55404,MN,FOR_SALE,Ventura Village,SINGLE_FAMILY,3 Bedrooms,2  Bathrooms,$172000,$167300,$2254,58 Days,58 days,City of Lakes Community Realty,2023-12-21,$120000,6098,6098.4,Square Feet,1900,2339,NULL,3502920000000,27053
1977152,2849 36th Ave S,Minneapolis,55406,MN,FOR_SALE,Longfellow,SINGLE_FAMILY,3 Bedrooms,2  Bathrooms,$300000,UNKNOWN,UNKNOWN,22 Days,22 days,REMAX Advantage Plus,2024-01-26,$117000,5227,5227.2,Square Feet,1910,2339,6.58,3102920000000,27053
1822535,432 Madison St NE,Minneapolis,55413,MN,FOR_SALE,Saint Anthony East,SINGLE_FAMILY,2 Bedrooms,2  Bathrooms,$300000,UNKNOWN,UNKNOWN,1 Days,1 day,Keller Williams Integrity Realty,2024-02-16,$251000,2613,2613.6,Square Feet,1900,2339,6.58,1402920000000,27053
1763609,2938 Queen Ave N,Minneapolis,55411,MN,FOR_SALE,Jordan,SINGLE_FAMILY,3 Bedrooms,1  Bathrooms,$230000,$233200,$1818,1 Days,1 day,Lakes Sotheby's International Realty,2024-02-16,$194000,5227,5227.2,Square Feet,1951,2339,NULL,802924000000,27053
1991742,2617 Dean Pkwy,Minneapolis,55416,MN,FOR_SALE,Cedar-Isles-Dean,SINGLE_FAMILY,4 Bedrooms,5  Bathrooms,$2395000,$2419500,$12424,2 Days,2 days,Coldwell Banker Realty,2024-02-15,UNKNOWN,20037,0.46,Acres,1916,2339,6.894,3202920000000,27053
2017643,2628 13th Ave S,Minneapolis,55407,MN,FOR_SALE,Midtown Phillips,SINGLE_FAMILY,4 Bedrooms,2  Bathrooms,$289000,$293300,$3194,2 Days,2 days,eXp Realty,2024-02-15,$150000,3920,3920.4,Square Feet,1900,2339,6.58,3502920000000,27053
1959697,248 Thomas Ave S,Minneapolis,55405,MN,FOR_SALE,Bryn Mawr,SINGLE_FAMILY,3 Bedrooms,2  Bathrooms,$575000,$579100,$2149,1 Days,1 day,REMAX Results,2024-02-16,$386000,5227,5227.2,Square Feet,1916,2339,6.615,2902920000000,27053
2023289,2833 28th Ave S,Minneapolis,55406,MN,FOR_SALE,Longfellow,SINGLE_FAMILY,3 Bedrooms,3  Bathrooms,$399000,UNKNOWN,UNKNOWN,1 Days,1 day,Keller Williams Classic Rlty NW,2024-02-16,$320000,7405,7405.2,Square Feet,1900,2339,6.58,3602920000000,27053
1991227,2700 Sunset Blvd,Minneapolis,55416,MN,FOR_SALE,Cedar-Isles-Dean,SINGLE_FAMILY,4 Bedrooms,4  Bathrooms,$995000,UNKNOWN,UNKNOWN,2 Days,2 days,"Edina Realty, Inc.",2024-02-15,$707500,6534,6534,Square Feet,1997,2339,6.894,3202920000000,27053
2016370,2540 15th Ave S,Minneapolis,55404,MN,FOR_SALE,Midtown Phillips,SINGLE_FAMILY,4 Bedrooms,4  Bathrooms,$399900,$398800,$3251,1 Days,1 day,Redfin Corporation,2024-02-16,$174000,5227,5227.2,Square Feet,2003,2339,6.58,3502920000000,27053
1774403,2630 Morgan Ave N,Minneapolis,55411,MN,FOR_SALE,Jordan,SINGLE_FAMILY,3 Bedrooms,2  Bathrooms,$140000,UNKNOWN,UNKNOWN,1 Days,1 day,REMAX Results,2024-02-16,$129900,5227,5227.2,Square Feet,1929,2339,NULL,902924000000,27053
1773383,3447 Oliver Ave N,Minneapolis,55412,MN,FOR_SALE,Folwell,SINGLE_FAMILY,3 Bedrooms,2  Bathrooms,$229900,$112000,$1792,1 Days,1 day,eXp Realty,2024-02-16,$112500,3920,3920.4,Square Feet,1912,2339,NULL,902924000000,27053
1959969,415 Sheridan Ave S,Minneapolis,55405,MN,FOR_SALE,Bryn Mawr,SINGLE_FAMILY,3 Bedrooms,2  Bathrooms,$475000,$459300,$2244,94 Days,94 days,Keller Williams Realty Integrity-Edina,2023-11-15,$350000,8712,8712,Square Feet,1978,2339,6.58,2902920000000,27053
1991181,2844 Sunset Blvd,Minneapolis,55416,MN,FOR_SALE,Cedar-Isles-Dean,SINGLE_FAMILY,5 Bedrooms,3  Bathrooms,$729000,UNKNOWN,$3931,4 Days,4 days,Keller Williams Integrity Realty,2024-02-13,$213750,7405,7405.2,Square Feet,1948,2339,6.615,3202920000000,27053
1850158,2130 Queen Ave N,Minneapolis,55411,MN,FOR_SALE,Willard Hay,SINGLE_FAMILY,4 Bedrooms,2  Bathrooms,$120000,UNKNOWN,UNKNOWN,1 Days,1 day,REMAX Results,2024-02-16,$152000,5662,5662.8,Square Feet,1900,2339,NULL,1702920000000,27053
1718110,3532 Humboldt Ave S,Minneapolis,55408,MN,FOR_SALE,East Calhoun,MULTI_FAMILY,4 Bedrooms,2  Bathrooms,$549900,$581800,$1695,8 Days,8 days,Coldwell Banker Realty,2024-02-09,$212500,5227,5227.2,Square Feet,1925,2339,6.58,402824000000,27053
54622693,1790 Girard Ave S,Minneapolis,55403,MN,FOR_SALE,Lowry Hill,MULTI_FAMILY,3 Bedrooms,3  Bathrooms,$575000,UNKNOWN,UNKNOWN,8 Days,8 days,Keller Williams Integrity Realty,2024-02-09,$485000,10018,10018.8,Square Feet,1959,2339,6.615,2802920000000,27053
1726376,3501 Zenith Ave S,Minneapolis,55416,MN,FOR_SALE,West Calhoun,SINGLE_FAMILY,4 Bedrooms,4  Bathrooms,$3275000,$3286300,$8093,5 Days,5 days,Lakes Sotheby's International Realty,2024-02-12,$1110000,27442,0.63,Acres,1929,2339,6.894,502824000000,27053
1726404,3700 Zenith Ave S,Minneapolis,55410,MN,FOR_SALE,Linden Hills,SINGLE_FAMILY,5 Bedrooms,5  Bathrooms,$1224900,$1248100,$6251,3 Days,3 days,REMAX Advantage Plus,2024-02-14,$710000,11761,0.27,Acres,1959,2339,6.894,502824000000,27053
1803487,2654 Cleveland St NE,Minneapolis,55418,MN,FOR_SALE,Audubon Park,SINGLE_FAMILY,3 Bedrooms,1  Bathrooms,$340000,$339700,$2014,18 Days,18 days,Coldwell Banker Realty,2024-01-30,$312000,5227,5227.2,Square Feet,1924,2339,6.58,1202920000000,27053
1717956,3339 Holmes Ave S,Minneapolis,55408,MN,FOR_SALE,East Calhoun,SINGLE_FAMILY,4 Bedrooms,4  Bathrooms,$799900,$813300,$4347,2 Days,2 days,eXp Realty,2024-02-15,$350000,5227,5227.2,Square Feet,1910,2339,6.615,402824000000,27053
1717335,3321 Emerson Ave S,Minneapolis,55408,MN,FOR_SALE,Calhoun,MULTI_FAMILY,8 Bedrooms,4  Bathrooms,$525000,UNKNOWN,$5352,1 Days,1 day,Lakes Sotheby's International Realty,2024-02-16,$550000,5227,5227.2,Square Feet,1922,2339,6.58,402824000000,27053
2072238327,3559 Girard Ave N,Minneapolis,55412,MN,FOR_SALE,Folwell,MULTI_FAMILY,5 Bedrooms,4  Bathrooms,$99900,$103500,$3425,37 Days,37 days,eXp Realty,2024-01-11,UNKNOWN,4791,4791.6,Square Feet,1911,2339,NULL,NULL,NULL
2001252,2645 Humboldt Ave S,Minneapolis,55408,MN,FOR_SALE,East Isles,SINGLE_FAMILY,5 Bedrooms,2  Bathrooms,$675000,$684600,$4052,5 Days,5 days,Realty Executives Associates,2024-02-13,$542000,0,0.15,Square Feet,1904,2339,6.615,3302920000000,27053
1807678,5211 Camden Ave N,Minneapolis,55430,MN,FOR_SALE,Lind-Bohanon,SINGLE_FAMILY,2 Bedrooms,1  Bathrooms,$159900,$153600,$1379,29 Days,29 days,NextHome Metro Real Estate Services,2024-01-19,$72500,3920,3920.4,Square Feet,1931,2339,NULL,1211820000000,27053
1812949,1176 14th Ave SE,Minneapolis,55414,MN,FOR_SALE,Southeast Como,SINGLE_FAMILY,4 Bedrooms,2  Bathrooms,$325000,UNKNOWN,UNKNOWN,59 Days,59 days,Coldwell Banker Realty,2023-12-20,$300000,4356,4356,Square Feet,1911,2339,6.58,1302920000000,27053
1775307,2640 Dupont Ave N,Minneapolis,55411,MN,FOR_SALE,Jordan,SINGLE_FAMILY,5 Bedrooms,2  Bathrooms,$199000,$194900,$2664,44 Days,44 days,ATD Realty,2024-01-04,$76000,5227,5227.2,Square Feet,1900,2339,NULL,902924000000,27053
2052881804,2848 W River Pkwy S,Minneapolis,55406,MN,FOR_SALE,Cooper,SINGLE_FAMILY,5 Bedrooms,4  Bathrooms,$1449900,$1440200,$5249,130 Days,130 days,REMAX Professionals,2023-10-10,UNKNOWN,13503,0.31,Acres,1940,2339,6.894,NULL,NULL
1720250,3841 Aldrich Ave N,Minneapolis,55412,MN,FOR_SALE,Webber-Camden,SINGLE_FAMILY,4 Bedrooms,2  Bathrooms,$275000,$281000,$2247,2 Days,2 days,Keller Williams Premier Realty Lake Minnetonka,2024-02-15,$150000,5227,5227.2,Square Feet,1916,2339,6.58,402924000000,27053
1839439,1558 Hillside Ave N,Minneapolis,55411,MN,FOR_SALE,Jordan,SINGLE_FAMILY,4 Bedrooms,2  Bathrooms,$265000,$267400,$2796,2 Days,2 days,"Scates Real Estate, LLC",2024-02-15,$159900,5662,5662.8,Square Feet,1916,2339,6.58,1602920000000,27053
1851021,1401 Penn Ave N,Minneapolis,55411,MN,FOR_SALE,Willard Hay,SINGLE_FAMILY,3 Bedrooms,3  Bathrooms,$230000,UNKNOWN,$2297,15 Days,15 days,eXp Realty,2024-02-02,$148000,5227,5227.2,Square Feet,1924,2339,NULL,1702920000000,27053
1695569,3523 25th Ave S,Minneapolis,55406,MN,FOR_SALE,Corcoran,SINGLE_FAMILY,2 Bedrooms,1  Bathrooms,$249900,$255800,$1588,10 Days,10 days,Coldwell Banker Realty,2024-02-07,$90954,5227,5227.2,Square Feet,1913,2339,NULL,102824000000,27053
1897451,1134 James Ave N,Minneapolis,55411,MN,FOR_SALE,Near North,SINGLE_FAMILY,3 Bedrooms,2  Bathrooms,$215000,$217900,$2299,4 Days,4 days,"Real Broker, LLC",2024-02-13,$179900,5227,5227.2,Square Feet,1914,2339,NULL,2102920000000,27053
1796179,5137 Washburn Ave N,Minneapolis,55430,MN,FOR_SALE,Shingle Creek,SINGLE_FAMILY,3 Bedrooms,2  Bathrooms,$275000,$279300,$2014,3 Days,3 days,Keller Williams Classic Rlty NW,2024-02-14,$135000,6098,6098.4,Square Feet,1954,2339,6.58,1111820000000,27053
1951004,735 Kenwood Pkwy,Minneapolis,55403,MN,FOR_SALE,Lowry Hill,SINGLE_FAMILY,4 Bedrooms,5  Bathrooms,$1035000,UNKNOWN,UNKNOWN,12 Days,12 days,Coldwell Banker Realty,2024-02-05,$600000,13939,0.32,Acres,1921,2339,6.894,2802920000000,27053
1707061,3466 3rd St NE,Minneapolis,55418,MN,FOR_SALE,Columbia Park,SINGLE_FAMILY,3 Bedrooms,1  Bathrooms,$200000,$204600,$1681,4 Days,4 days,REMAX Results,2024-02-13,$160000,5227,5227.2,Square Feet,1900,2339,NULL,202924000000,27053
101660752,1708 8th Ave N,Minneapolis,55411,MN,FOR_SALE,Near North,SINGLE_FAMILY,4 Bedrooms,3  Bathrooms,$329900,$329200,$2664,106 Days,106 days,eXp Realty,2023-11-03,UNKNOWN,4356,4356,Square Feet,2023,2339,6.58,2102920000000,27053
1711333,315 32nd St W,Minneapolis,55408,MN,FOR_SALE,Lyndale,SINGLE_FAMILY,4 Bedrooms,2  Bathrooms,$375000,$378200,$2837,6 Days,6 days,eXp Realty,2024-02-11,$316500,1742,1742.4,Square Feet,1906,2339,6.58,302824000000,27053
1795857,4907 Oliver Ave N,Minneapolis,55430,MN,FOR_SALE,Shingle Creek,SINGLE_FAMILY,3 Bedrooms,1  Bathrooms,$239900,$243400,$1965,2 Days,2 days,Upslope Realty,2024-02-15,$49000,4791,4791.6,Square Feet,1956,2339,NULL,1111820000000,27053
1850155,2118 Queen Ave N,Minneapolis,55411,MN,FOR_SALE,Willard Hay,SINGLE_FAMILY,2 Bedrooms,1  Bathrooms,$140000,$132600,$1535,64 Days,64 days,Keller Williams Classic Rlty NW,2023-12-15,$17000,5227,5227.2,Square Feet,1911,2339,NULL,1702920000000,27053
1772319,3506 Dupont Ave N,Minneapolis,55412,MN,FOR_SALE,Mckinley,SINGLE_FAMILY,5 Bedrooms,4  Bathrooms,$379900,$251100,$1275,2 Days,2 days,Premier Realty LLC,2024-02-15,$4000,5662,5662.8,Square Feet,1919,2339,6.58,902924000000,27053
1950846,1920 Irving Ave S,Minneapolis,55403,MN,FOR_SALE,Lowry Hill,SINGLE_FAMILY,4 Bedrooms,4  Bathrooms,$1395000,$1404100,$7294,2 Days,2 days,Coldwell Banker Realty,2024-02-15,$275000,6534,6534,Square Feet,1902,2339,6.894,2802920000000,27053
1783917,2754 Randolph St NE,Minneapolis,55418,MN,FOR_SALE,Marshall Terrace,MULTI_FAMILY,6 Bedrooms,4  Bathrooms,$509900,$510500,$2482,9 Days,9 days,REMAX Advantage Plus,2024-02-08,$139000,6969,6969.6,Square Feet,1985,2339,6.58,1002920000000,27053
1793841,2001 3rd St NE,Minneapolis,55418,MN,FOR_SALE,Bottineau,SINGLE_FAMILY,4 Bedrooms,2  Bathrooms,$379500,$390300,$2013,3 Days,3 days,John McGovern,2024-02-14,$262251,3920,3920.4,Square Feet,1960,2339,6.58,1102920000000,27053
118633261,1415 Mount Curve Ave,Minneapolis,55403,MN,FOR_SALE,Lowry Hill,SINGLE_FAMILY,8 Bedrooms,10  Bathrooms,$3250000,UNKNOWN,UNKNOWN,22 Days,22 days,"Edina Realty, Inc.",2024-01-26,$1260000,26571,0.61,Acres,1906,2339,6.894,2802920000000,27053
1774010,3022 Logan Ave N,Minneapolis,55411,MN,FOR_SALE,Jordan,SINGLE_FAMILY,2 Bedrooms,1  Bathrooms,$214900,$218200,$1500,2 Days,2 days,Keller Williams Integrity Realty,2024-02-15,$200000,5227,5227.2,Square Feet,1932,2339,NULL,902924000000,27053
1990976,2200 Drew Ave S,Minneapolis,55416,MN,FOR_SALE,Bryn Mawr,SINGLE_FAMILY,5 Bedrooms,4  Bathrooms,$2280000,UNKNOWN,UNKNOWN,9 Days,9 days,eXp Realty,2024-02-08,$900000,10018,10018.8,Square Feet,1953,2339,6.894,3202920000000,27053
1951020,1324 Douglas Ave,Minneapolis,55403,MN,FOR_SALE,Lowry Hill,SINGLE_FAMILY,5 Bedrooms,3  Bathrooms,$599000,$584700,$3536,70 Days,70 days,Coldwell Banker Realty,2023-12-09,UNKNOWN,6969,6969.6,Square Feet,1909,2339,6.615,2802920000000,27053
2054435714,33&35 Melbourne Ave SE,Minneapolis,55414,MN,FOR_SALE,Prospect Park,MULTI_FAMILY,6 Bedrooms,3  Bathrooms,$690000,UNKNOWN,$3294,16 Days,16 days,"Real Broker, LLC",2024-02-01,UNKNOWN,9583,9583.2,Square Feet,1953,2339,6.615,NULL,NULL
54621655,2519 27th Ave N,Minneapolis,55411,MN,FOR_SALE,Jordan,SINGLE_FAMILY,2 Bedrooms,1  Bathrooms,$85000,UNKNOWN,$1500,51 Days,51 days,Homefield Realty,2023-12-28,$91161,8712,8712,Square Feet,1915,2339,NULL,802924000000,27053
1959841,720 Cedar Lake Rd S,Minneapolis,55405,MN,FOR_SALE,Bryn Mawr,SINGLE_FAMILY,2 Bedrooms,1  Bathrooms,$299900,UNKNOWN,UNKNOWN,36 Days,36 days,eXp Realty,2024-01-12,$194900,5227,5227.2,Square Feet,1921,2339,6.58,2902920000000,27053
1839942,1515 Knox Ave N,Minneapolis,55411,MN,FOR_SALE,Willard Hay,SINGLE_FAMILY,4 Bedrooms,2  Bathrooms,$215000,$218500,$2500,23 Days,23 days,eXp Realty,2024-01-25,$51051,5662,5662.8,Square Feet,1911,2339,NULL,1602920000000,27053
1704702,3021 Park Ave,Minneapolis,55407,MN,FOR_SALE,Central,SINGLE_FAMILY,5 Bedrooms,4  Bathrooms,$369900,$364800,$4300,30 Days,30 days,REMAX Advantage Plus,2024-01-18,$218000,4791,4791.6,Square Feet,1900,2339,6.58,202824000000,27053
1710812,3348 1st Ave S,Minneapolis,55408,MN,FOR_SALE,Lyndale,SINGLE_FAMILY,5 Bedrooms,3  Bathrooms,$525000,$529000,$3658,18 Days,18 days,Keller Williams Integrity Realty,2024-01-30,$344000,5662,5662.8,Square Feet,1905,2339,6.58,302824000000,27053
1717788,3207 E Bde Maka Ska Pkwy,Minneapolis,55408,MN,FOR_SALE,East Calhoun,SINGLE_FAMILY,4 Bedrooms,5  Bathrooms,$1399000,UNKNOWN,UNKNOWN,5 Days,5 days,"Edina Realty, Inc.",2024-02-12,$1250000,10018,10018.8,Square Feet,1906,2339,6.894,402824000000,27053
1719387,4203 Humboldt Ave N,Minneapolis,55412,MN,FOR_SALE,Webber-Camden,SINGLE_FAMILY,2 Bedrooms,1  Bathrooms,$165000,$167800,$1350,9 Days,9 days,Anderson Realty,2024-02-08,$149900,6098,6098.4,Square Feet,1917,2339,NULL,402924000000,27053
1694827,2230 E 36th St,Minneapolis,55407,MN,FOR_SALE,Corcoran,SINGLE_FAMILY,3 Bedrooms,2  Bathrooms,$299900,$309500,$2282,4 Days,4 days,HomeSmart Sapphire Realty,2024-02-13,UNKNOWN,5227,5227.2,Square Feet,1921,2339,6.58,102824000000,27053
1772914,3315 Colfax Ave N,Minneapolis,55412,MN,FOR_SALE,Mckinley,SINGLE_FAMILY,3 Bedrooms,2  Bathrooms,$159900,$158600,$1949,16 Days,16 days,eXp Realty,2024-02-01,$80000,6534,6534,Square Feet,1922,2339,NULL,902924000000,27053
2061686291,2706 W Lake Of The Isles Pkwy,Minneapolis,55416,MN,FOR_SALE,Cedar-Isles-Dean,SINGLE_FAMILY,7 Bedrooms,9  Bathrooms,$4495000,$4135900,$22104,183 Days,183 days,Lakes Sotheby's International Realty,2023-08-18,$1800000,31798,0.73,Acres,1911,2339,6.894,NULL,NULL
1736835,3551 34th Ave S,Minneapolis,55406,MN,FOR_SALE,Howe,SINGLE_FAMILY,3 Bedrooms,1  Bathrooms,$324000,$317900,$1976,24 Days,24 days,NAI Legacy,2024-01-24,$187500,5227,5227.2,Square Feet,1925,2339,6.58,602823000000,27053
1712499,3411 1st Ave S,Minneapolis,55408,MN,FOR_SALE,Lyndale,SINGLE_FAMILY,4 Bedrooms,2  Bathrooms,$379000,$382300,$2166,8 Days,8 days,Redfin Corporation,2024-02-09,$300000,4791,4791.6,Square Feet,1915,2339,6.58,302824000000,27053
1710822,3322 Stevens Ave,Minneapolis,55408,MN,FOR_SALE,Lyndale,MULTI_FAMILY,3 Bedrooms,2  Bathrooms,$249900,UNKNOWN,UNKNOWN,8 Days,8 days,Keller Williams Integrity Realty,2024-02-09,UNKNOWN,5662,5662.8,Square Feet,1900,2339,NULL,302824000000,27053
1772587,3335 Dupont Ave N,Minneapolis,55412,MN,FOR_SALE,Folwell,SINGLE_FAMILY,4 Bedrooms,3  Bathrooms,$160000,$162800,$1869,8 Days,8 days,eXp Realty,2024-02-09,$155000,5662,5662.8,Square Feet,1918,2339,NULL,902924000000,27053
1840060,1315 Golden Valley Rd,Minneapolis,55411,MN,FOR_SALE,Near North,MULTI_FAMILY,4 Bedrooms,2  Bathrooms,$239000,$235100,$2857,16 Days,16 days,Coldwell Banker Realty,2024-02-01,$215000,3484,3484.8,Square Feet,1900,2339,NULL,1602920000000,27053
1738068,3601 39th Ave S,Minneapolis,55406,MN,FOR_SALE,Howe,SINGLE_FAMILY,3 Bedrooms,2  Bathrooms,$385000,UNKNOWN,UNKNOWN,11 Days,11 days,"Grimm & Associates, LLC",2024-02-06,$240000,5227,5227.2,Square Feet,1916,2339,6.58,602823000000,27053
1728866,3711 Queen Ave N,Minneapolis,55412,MN,FOR_SALE,Cleveland,SINGLE_FAMILY,2 Bedrooms,2  Bathrooms,$224900,$219000,$1817,58 Days,58 days,Keller Williams Integrity Realty,2023-12-21,$164000,5227,5227.2,Square Feet,1926,2339,NULL,502924000000,27053
1718945,4234 Humboldt Ave N,Minneapolis,55412,MN,FOR_SALE,Webber-Camden,SINGLE_FAMILY,2 Bedrooms,1  Bathrooms,$169900,$167800,$1550,31 Days,31 days,NextHome Metro Real Estate Services,2024-01-17,$93000,4791,4791.6,Square Feet,1923,2339,NULL,402924000000,27053
1728284,3807 Sheridan Ave N,Minneapolis,55412,MN,FOR_SALE,Victory,SINGLE_FAMILY,3 Bedrooms,2  Bathrooms,$209900,$215800,$2065,4 Days,4 days,Realty Executives Top Results,2024-02-13,$108000,4791,4791.6,Square Feet,1921,2339,NULL,502924000000,27053
1791406,4029 Portland Ave,Minneapolis,55407,MN,FOR_SALE,Bryant,SINGLE_FAMILY,4 Bedrooms,1  Bathrooms,$265000,$270400,$2014,9 Days,9 days,eXp Realty,2024-02-08,$165000,4791,4791.6,Square Feet,1918,2339,6.58,1102820000000,27053
2017059,2737 Columbus Ave,Minneapolis,55407,MN,FOR_SALE,Phillips West,SINGLE_FAMILY,3 Bedrooms,2  Bathrooms,$245300,UNKNOWN,UNKNOWN,22 Days,22 days,"Home Smart Realty, Inc.",2024-01-26,$164900,5227,5227.2,Square Feet,1911,2339,NULL,3502920000000,27053
1773198,3527 James Ave N,Minneapolis,55412,MN,FOR_SALE,Folwell,SINGLE_FAMILY,3 Bedrooms,1  Bathrooms,$175000,$174200,$1662,16 Days,16 days,REMAX Results,2024-02-01,$123000,4791,4791.6,Square Feet,1915,2339,NULL,902924000000,27053
1774799,718 30th Ave N,Minneapolis,55411,MN,FOR_SALE,Hawthorne,SINGLE_FAMILY,4 Bedrooms,1  Bathrooms,$249900,$251300,$1963,2 Days,2 days,Realty Inc,2024-02-15,$170000,4791,4791.6,Square Feet,1912,2339,NULL,902924000000,27053
1695401,3433 Snelling Ave,Minneapolis,55406,MN,FOR_SALE,Howe,MULTI_FAMILY,4 Bedrooms,2  Bathrooms,$440000,UNKNOWN,UNKNOWN,4 Days,4 days,"Edina Realty, Inc.",2024-02-13,$263000,6098,6098.4,Square Feet,1917,2339,6.58,102824000000,27053
1727298,4000 Queen Ave N,Minneapolis,55412,MN,FOR_SALE,Victory,SINGLE_FAMILY,3 Bedrooms,3  Bathrooms,$289900,$282400,$2548,164 Days,164 days,REMAX Results,2023-09-06,$204000,4791,4791.6,Square Feet,2001,2339,6.58,502924000000,27053
1936126,1005 19th St E,Minneapolis,55404,MN,FOR_SALE,Ventura Village,SINGLE_FAMILY,4 Bedrooms,2  Bathrooms,$309900,$306800,$2705,25 Days,25 days,Empire Realty LLC,2024-01-23,$175000,3920,3920.4,Square Feet,1900,2339,6.58,2602920000000,27053
1781042,3820 Clinton Ave,Minneapolis,55409,MN,FOR_SALE,Bryant,SINGLE_FAMILY,3 Bedrooms,1  Bathrooms,$249900,$243300,$1999,36 Days,36 days,BLVD Realty INC,2024-01-12,$51000,5227,5227.2,Square Feet,1900,2339,NULL,1002820000000,27053
2017289,2932 Park Ave,Minneapolis,55407,MN,FOR_SALE,Phillips West,MULTI_FAMILY,7 Bedrooms,7  Bathrooms,$619900,$588300,$5318,180 Days,180 days,"Savvy Avenue, LLC",2023-08-21,$282000,5227,5227.2,Square Feet,1890,2339,6.615,3502920000000,27053
1784001,2527 California St NE,Minneapolis,55418,MN,FOR_SALE,Marshall Terrace,SINGLE_FAMILY,3 Bedrooms,2  Bathrooms,$364900,$355700,$2423,20 Days,20 days,REMAX Professionals,2024-01-28,$255000,4791,4791.6,Square Feet,1911,2339,6.58,1002920000000,27053
1774931,3014 Humboldt Ave N,Minneapolis,55411,MN,FOR_SALE,Jordan,SINGLE_FAMILY,3 Bedrooms,1  Bathrooms,$199900,$201900,$1552,3 Days,3 days,REMAX Advantage Plus,2024-02-14,$77200,5580,5580,Square Feet,1912,2339,NULL,902924000000,27053
1704561,3021 11th Ave S,Minneapolis,55407,MN,FOR_SALE,Powderhorn Park,MULTI_FAMILY,6 Bedrooms,2  Bathrooms,$450000,$455000,$3362,5 Days,5 days,Keller Williams Classic Realty,2024-02-12,$81900,6969,6969.6,Square Feet,1916,2339,6.58,202824000000,27053
2001067,2500 Lake Pl,Minneapolis,55405,MN,FOR_SALE,East Isles,SINGLE_FAMILY,6 Bedrooms,6  Bathrooms,$2675000,$2477700,$13386,225 Days,225 days,Lakes Sotheby's International Realty,2023-07-07,$2175600,13503,0.31,Acres,1909,2339,6.894,3302920000000,27053
1830939,2200 Lyndale Ave N,Minneapolis,55411,MN,FOR_SALE,Hawthorne,MULTI_FAMILY,7 Bedrooms,3  Bathrooms,$109900,$103700,$3740,46 Days,46 days,REMAX Results,2024-01-02,$175000,7405,7405.2,Square Feet,1911,2339,NULL,1502920000000,27053
1783926,47 Lowry Ave NE,Minneapolis,55418,MN,FOR_SALE,Marshall Terrace,MULTI_FAMILY,4 Bedrooms,2  Bathrooms,$350000,$336000,$2500,129 Days,129 days,REMAX Results,2023-10-11,$164902,5662,5662.8,Square Feet,1904,2339,6.58,1002920000000,27053
2000812,2212 Irving Ave S,Minneapolis,55405,MN,FOR_SALE,East Isles,MULTI_FAMILY,7 Bedrooms,3  Bathrooms,$1199000,$1192700,$5484,12 Days,12 days,Coldwell Banker Realty,2024-02-05,$3650,7840,7840.8,Square Feet,1914,2339,6.894,3302920000000,27053
1773367,3410 Oliver Ave N,Minneapolis,55412,MN,FOR_SALE,Folwell,SINGLE_FAMILY,1 Bedrooms,1  Bathrooms,$71250,$67900,$1224,20 Days,20 days,City of Lakes Community Realty,2024-01-28,$60000,4791,4791.6,Square Feet,1900,2339,NULL,902924000000,27053
1897568,1018 Morgan Ave N,Minneapolis,55411,MN,FOR_SALE,Near North,SINGLE_FAMILY,4 Bedrooms,2  Bathrooms,$275000,$272000,$2768,15 Days,15 days,REMAX Results,2024-02-02,$191050,5227,5227.2,Square Feet,1912,2339,6.58,2102920000000,27053
1991256,3511 Saint Paul Ave,Minneapolis,55416,MN,FOR_SALE,Cedar-Isles-Dean,SINGLE_FAMILY,3 Bedrooms,2  Bathrooms,$589900,$569700,$2613,100 Days,100 days,"Savvy Avenue, LLC",2023-11-09,$383800,6534,6534,Square Feet,1953,2339,6.615,3202920000000,27053
1717073,3029 Dupont Ave S,Minneapolis,55408,MN,FOR_SALE,Calhoun,MULTI_FAMILY,6 Bedrooms,3  Bathrooms,$420000,$410200,$3658,32 Days,32 days,REMAX Results,2024-01-16,$86250,6098,6098.4,Square Feet,1909,2339,6.58,402824000000,27053
2023282,2822 29th St E,Minneapolis,55406,MN,FOR_SALE,Longfellow,SINGLE_FAMILY,3 Bedrooms,1  Bathrooms,$259900,UNKNOWN,UNKNOWN,100 Days,100 days,"Edina Realty, Inc.",2023-11-09,$92597,3920,3920.4,Square Feet,1903,2339,6.58,3602920000000,27053
1718491,3613 Dupont Ave S,Minneapolis,55409,MN,FOR_SALE,East Harriet,SINGLE_FAMILY,3 Bedrooms,3  Bathrooms,$599900,UNKNOWN,UNKNOWN,71 Days,71 days,Lakes Sotheby's International Realty,2023-12-08,$421000,5227,5227.2,Square Feet,1905,2339,6.615,402824000000,27053
1728216,3827 Russell Ave N,Minneapolis,55412,MN,FOR_SALE,Victory,SINGLE_FAMILY,4 Bedrooms,1  Bathrooms,$294900,$303400,$1749,3 Days,3 days,James M. Waters,2024-02-14,$126000,5227,5227.2,Square Feet,1921,2339,6.58,502924000000,27053
1712309,3416 5th Ave S,Minneapolis,55408,MN,FOR_SALE,Central,SINGLE_FAMILY,4 Bedrooms,3  Bathrooms,$398750,$400800,$2753,9 Days,9 days,Coldwell Banker Realty,2024-02-08,$268000,5227,5227.2,Square Feet,1905,2339,6.58,302824000000,27053
1849636,2512 23rd Ave N,Minneapolis,55411,MN,FOR_SALE,Willard Hay,SINGLE_FAMILY,4 Bedrooms,3  Bathrooms,$251000,$245200,$2428,30 Days,30 days,Keller Williams Integrity NW,2024-01-18,$245000,4356,4356,Square Feet,1905,2339,6.58,1702920000000,27053
1793034,675 Lowry Ave NE,Minneapolis,55418,MN,FOR_SALE,Holland,MULTI_FAMILY,4 Bedrooms,2  Bathrooms,$349000,$337700,$2265,106 Days,106 days,National Realty Guild,2023-11-03,$267575,5662,5662.8,Square Feet,1900,2339,6.58,1102920000000,27053
2001827,2701 Colfax Ave S,Minneapolis,55408,MN,FOR_SALE,Lowry Hill East,SINGLE_FAMILY,3 Bedrooms,2  Bathrooms,$474900,$466200,$2740,56 Days,56 days,Lentsch Company,2023-12-23,$434000,3920,3920.4,Square Feet,1900,2339,6.58,3302920000000,27053
1717869,3232 Holmes Ave S,Minneapolis,55408,MN,FOR_SALE,East Calhoun,SINGLE_FAMILY,4 Bedrooms,4  Bathrooms,$775000,UNKNOWN,$4106,46 Days,46 days,Keller Williams Premier Realty Lake Minnetonka,2024-01-02,$715000,5662,5662.8,Square Feet,1907,2339,6.615,402824000000,27053
1720197,3919 Lyndale Ave N,Minneapolis,55412,MN,FOR_SALE,Webber-Camden,SINGLE_FAMILY,3 Bedrooms,1  Bathrooms,$199900,$198000,$1994,31 Days,31 days,NextHome Metro Real Estate Services,2024-01-17,$123000,4791,4791.6,Square Feet,1926,2339,NULL,402924000000,27053
1976627,2412 33rd Ave S,Minneapolis,55406,MN,FOR_SALE,Seward,SINGLE_FAMILY,3 Bedrooms,2  Bathrooms,$574900,$556900,$2500,143 Days,143 days,Lakes Sotheby's International Realty,2023-09-27,$182000,6098,6098.4,Square Feet,1912,2339,6.615,3102920000000,27053
1772371,3500 Girard Ave N,Minneapolis,55412,MN,FOR_SALE,Folwell,SINGLE_FAMILY,3 Bedrooms,1  Bathrooms,$79900,$77200,$1599,29 Days,29 days,NextHome Metro Real Estate Services,2024-01-19,$80000,5227,5227.2,Square Feet,1915,2339,NULL,902924000000,27053
1822415,739 Jefferson St NE,Minneapolis,55413,MN,FOR_SALE,Saint Anthony East,SINGLE_FAMILY,4 Bedrooms,2  Bathrooms,$550000,$543800,$2623,5 Days,5 days,HomeAvenue Inc,2024-02-12,$259000,5227,5227.2,Square Feet,1904,2339,6.58,1402920000000,27053
1712864,331 37th St E,Minneapolis,55409,MN,FOR_SALE,Central,SINGLE_FAMILY,3 Bedrooms,1  Bathrooms,$249000,$246000,$1994,16 Days,16 days,eXp Realty,2024-02-01,$136500,2178,2178,Square Feet,1923,2339,NULL,302824000000,27053
1774883,3100 Emerson Ave N,Minneapolis,55411,MN,FOR_SALE,Jordan,SINGLE_FAMILY,3 Bedrooms,1  Bathrooms,$160000,$157500,$1855,29 Days,29 days,eXp Realty,2024-01-19,$35000,5662,5662.8,Square Feet,1911,2339,NULL,902924000000,27053
1773064,3539 Irving Ave N,Minneapolis,55412,MN,FOR_SALE,Folwell,SINGLE_FAMILY,3 Bedrooms,2  Bathrooms,$199900,$197500,$2099,31 Days,31 days,NextHome Metro Real Estate Services,2024-01-17,$48500,5227,5227.2,Square Feet,1922,2339,NULL,902924000000,27053
1850553,1718 Thomas Ave N,Minneapolis,55411,MN,FOR_SALE,Willard Hay,SINGLE_FAMILY,4 Bedrooms,3  Bathrooms,$295000,$281500,$2541,176 Days,176 days,"BuySelf, Inc",2023-08-25,$6675,5227,5227.2,Square Feet,1925,2339,6.58,1702920000000,27053
1790868,3800 11th Ave S,Minneapolis,55407,MN,FOR_SALE,Bancroft,SINGLE_FAMILY,5 Bedrooms,2  Bathrooms,$399900,UNKNOWN,$2500,25 Days,25 days,Realty Group LLC,2024-01-23,$242500,5227,5227.2,Square Feet,1908,2339,6.58,1102820000000,27053
1840198,1424 Girard Ave N,Minneapolis,55411,MN,FOR_SALE,Near North,SINGLE_FAMILY,4 Bedrooms,3  Bathrooms,$224650,$214100,$2666,148 Days,148 days,Coldwell Banker Realty,2023-09-22,$65000,3920,3920.4,Square Feet,1900,2339,NULL,1602920000000,27053
1717759,3125 E Bde Maka Ska Pkwy,Minneapolis,55408,MN,FOR_SALE,East Calhoun,SINGLE_FAMILY,5 Bedrooms,5  Bathrooms,$2099000,$2079100,$11001,16 Days,16 days,Compass,2024-02-01,$1825000,8712,8712,Square Feet,1902,2339,6.894,402824000000,27053
1830920,2222 N 4th St,Minneapolis,55411,MN,FOR_SALE,Hawthorne,SINGLE_FAMILY,4 Bedrooms,3  Bathrooms,$324950,UNKNOWN,$2656,128 Days,128 days,"Bridge Realty, LLC",2023-10-12,$1000,6098,6098.4,Square Feet,2023,2339,6.58,1502920000000,27053
1808487,4811 Fremont Ave N,Minneapolis,55430,MN,FOR_SALE,Lind-Bohanon,SINGLE_FAMILY,3 Bedrooms,2  Bathrooms,$249900,$243300,$1994,31 Days,31 days,Renters Warehouse,2024-01-17,$135000,6450,6450,Square Feet,1952,2339,NULL,1211820000000,27053
1812593,755 Fillmore St NE,Minneapolis,55413,MN,FOR_SALE,Beltrami,MULTI_FAMILY,4 Bedrooms,2  Bathrooms,$390000,$332700,$1214,7 Days,7 days,JPW Realty,2024-02-10,$291400,0,0.11,Square Feet,1900,2339,6.58,1302920000000,27053
1717803,3217 Holmes Ave S,Minneapolis,55408,MN,FOR_SALE,East Calhoun,SINGLE_FAMILY,5 Bedrooms,4  Bathrooms,$725000,$717900,$3711,16 Days,16 days,Lakes Area Realty,2024-02-01,UNKNOWN,5227,5227.2,Square Feet,1909,2339,6.615,402824000000,27053
1876387,1026 19th Ave SE,Minneapolis,55414,MN,FOR_SALE,Southeast Como,SINGLE_FAMILY,5 Bedrooms,2  Bathrooms,$395000,$398200,$2949,9 Days,9 days,Empire Realty LLC,2024-02-08,$237000,5662,5662.8,Square Feet,1909,2339,6.58,1902920000000,27053
1790944,3813 Chicago Ave,Minneapolis,55407,MN,FOR_SALE,Bancroft,SINGLE_FAMILY,5 Bedrooms,2  Bathrooms,$309900,UNKNOWN,UNKNOWN,18 Days,18 days,"Bridge Realty, LLC",2024-01-30,$241000,5662,5662.8,Square Feet,1904,2339,6.58,1102820000000,27053
101667031,1114 50th Ave N,Minneapolis,55430,MN,FOR_SALE,Lind-Bohanon,SINGLE_FAMILY,4 Bedrooms,4  Bathrooms,$359900,$350300,$3194,176 Days,176 days,eXp Realty,2023-08-26,$446000,5227,5227.2,Square Feet,2021,2339,6.58,1211820000000,27053
1959989,1237 Cedar Lake Rd S,Minneapolis,55416,MN,FOR_SALE,Bryn Mawr,SINGLE_FAMILY,4 Bedrooms,2  Bathrooms,$584900,UNKNOWN,UNKNOWN,32 Days,32 days,"Edina Realty, Inc.",2024-01-16,$500000,5227,5227.2,Square Feet,1948,2339,6.615,2902920000000,27053
1795985,2317 53rd Ave N,Minneapolis,55430,MN,FOR_SALE,Shingle Creek,SINGLE_FAMILY,4 Bedrooms,2  Bathrooms,$249900,$245900,$1975,38 Days,38 days,REMAX Professionals,2024-01-10,$87000,5913,5913,Square Feet,1959,2339,NULL,1111820000000,27053
1991145,2811 Sunset Blvd,Minneapolis,55416,MN,FOR_SALE,Cedar-Isles-Dean,SINGLE_FAMILY,6 Bedrooms,6  Bathrooms,$1349000,$1334600,$7294,12 Days,12 days,Coldwell Banker Realty,2024-02-05,$450000,8276,8276.4,Square Feet,1931,2339,6.894,3202920000000,27053
1762435,3216 Sheridan Ave N,Minneapolis,55412,MN,FOR_SALE,Cleveland,SINGLE_FAMILY,3 Bedrooms,1  Bathrooms,$189900,$187000,$1834,30 Days,30 days,REMAX Advantage Plus,2024-01-18,$92000,5120,5120,Square Feet,1917,2339,NULL,802924000000,27053
1808374,4823 Bryant Ave N,Minneapolis,55430,MN,FOR_SALE,Lind-Bohanon,SINGLE_FAMILY,3 Bedrooms,2  Bathrooms,$255000,$244300,$2025,99 Days,99 days,eXp Realty,2023-11-10,$212221,5227,5227.2,Square Feet,1913,2339,6.58,1211820000000,27053
1736394,3109 31st Ave S,Minneapolis,55406,MN,FOR_SALE,Longfellow,SINGLE_FAMILY,6 Bedrooms,3  Bathrooms,$430000,$419600,$3326,33 Days,33 days,Realty Group LLC,2024-01-15,$269000,5662,5662.8,Square Feet,1900,2339,6.58,602823000000,27053
1850575,1606 Thomas Ave N,Minneapolis,55411,MN,FOR_SALE,Willard Hay,SINGLE_FAMILY,3 Bedrooms,1  Bathrooms,$209900,$203600,$1931,30 Days,30 days,REMAX Advantage Plus,2024-01-18,$89000,5227,5227.2,Square Feet,1921,2339,NULL,1702920000000,27053
2009976,2619 Pleasant Ave,Minneapolis,55408,MN,FOR_SALE,Whittier,MULTI_FAMILY,5 Bedrooms,2  Bathrooms,$415000,$410600,$3194,16 Days,16 days,Side by Side Realty LLC,2024-02-01,$377500,6969,6969.6,Square Feet,1900,2339,6.58,3402920000000,27053
2000939,2130 Lake Of Isles Pkwy W,Minneapolis,55405,MN,FOR_SALE,Kenwood,SINGLE_FAMILY,6 Bedrooms,7  Bathrooms,$3695000,$3386400,$19213,172 Days,172 days,Coldwell Banker Realty,2023-08-29,$3500000,11761,0.27,Acres,1922,2339,6.894,3302920000000,27053
1876644,890 22nd Ave SE,Minneapolis,55414,MN,FOR_SALE,Southeast Como,SINGLE_FAMILY,5 Bedrooms,2  Bathrooms,$399000,UNKNOWN,$2949,75 Days,75 days,Realty Group LLC,2023-12-04,$220000,5227,5227.2,Square Feet,1927,2339,6.58,1902920000000,27053
1991052,3311 Cedar Lake Ave,Minneapolis,55416,MN,FOR_SALE,Cedar-Isles-Dean,SINGLE_FAMILY,2 Bedrooms,2  Bathrooms,$719900,$690300,$3991,114 Days,114 days,"Bridge Realty, LLC",2023-10-26,$475000,4356,4356,Square Feet,1909,2339,6.615,3202920000000,27053
2009650,2217 Harriet Ave,Minneapolis,55405,MN,FOR_SALE,Whittier,SINGLE_FAMILY,4 Bedrooms,2  Bathrooms,$392000,$384500,$2949,15 Days,15 days,Empire Realty LLC,2024-02-02,$240000,5227,5227.2,Square Feet,1910,2339,6.58,3402920000000,27053
1775242,2803 Aldrich Ave N,Minneapolis,55411,MN,FOR_SALE,Hawthorne,SINGLE_FAMILY,3 Bedrooms,2  Bathrooms,$284900,UNKNOWN,$2381,141 Days,141 days,"Sandy Green Realty, Inc.",2023-09-29,$60000,5227,5227.2,Square Feet,2023,2339,6.58,902924000000,27053
1762033,3519 Upton Ave N,Minneapolis,55412,MN,FOR_SALE,Cleveland,SINGLE_FAMILY,3 Bedrooms,1  Bathrooms,$189900,$186700,$1798,28 Days,28 days,REMAX Advantage Plus,2024-01-20,$117750,4791,4791.6,Square Feet,1923,2339,NULL,802924000000,27053
132612988,1432 Washington St NE,Minneapolis,55413,MN,FOR_SALE,Sheridan,MULTI_FAMILY,10 Bedrooms,4  Bathrooms,$629900,UNKNOWN,$4997,46 Days,46 days,Lakes Sotheby's International Realty,2024-01-02,$71000,6098,6098.4,Square Feet,1906,2339,6.615,1402920000000,27053
1839664,1614 Oliver Ave N,Minneapolis,55411,MN,FOR_SALE,Willard Hay,SINGLE_FAMILY,2 Bedrooms,1  Bathrooms,$140000,$133400,$1650,28 Days,28 days,Coldwell Banker Realty,2024-01-20,$44900,5662,5662.8,Square Feet,1900,2339,NULL,1602920000000,27053
1773285,3430 Irving Ave N,Minneapolis,55412,MN,FOR_SALE,Folwell,SINGLE_FAMILY,3 Bedrooms,2  Bathrooms,$250000,$246500,$2095,45 Days,45 days,Keller Williams Realty Integrity-Edina,2024-01-03,$179000,4791,4791.6,Square Feet,1922,2339,NULL,902924000000,27053
1710898,3209 Clinton Ave,Minneapolis,55408,MN,FOR_SALE,Central,SINGLE_FAMILY,3 Bedrooms,2  Bathrooms,$275000,$266300,$2269,120 Days,120 days,REMAX Results,2023-10-20,$61500,5662,5662.8,Square Feet,1915,2339,6.58,302824000000,27053
1808398,4847 Colfax Ave N,Minneapolis,55430,MN,FOR_SALE,Lind-Bohanon,SINGLE_FAMILY,3 Bedrooms,1  Bathrooms,$250000,$253300,$1994,9 Days,9 days,Keller Williams Classic Rlty NW,2024-02-08,$240000,5227,5227.2,Square Feet,1928,2339,NULL,1211820000000,27053
1830919,2218 4th St N,Minneapolis,55411,MN,FOR_SALE,Hawthorne,SINGLE_FAMILY,4 Bedrooms,3  Bathrooms,$324950,UNKNOWN,$2677,121 Days,121 days,"Bridge Realty, LLC",2023-10-19,$26000,0,0.14,Square Feet,2023,2339,6.58,1502920000000,27053
1719413,4215 Irving Ave N,Minneapolis,55412,MN,FOR_SALE,Webber-Camden,SINGLE_FAMILY,3 Bedrooms,1  Bathrooms,$133000,$133800,$1650,12 Days,12 days,Leading Edge Realty,2024-02-06,$124500,6098,6098.4,Square Feet,1909,2339,NULL,402924000000,27053
1774190,3105 Morgan Ave N,Minneapolis,55411,MN,FOR_SALE,Jordan,SINGLE_FAMILY,4 Bedrooms,2  Bathrooms,$175000,$171700,$2190,36 Days,36 days,Keller Williams Integrity Realty,2024-01-12,$64000,5227,5227.2,Square Feet,1900,2339,NULL,902924000000,27053
2062941382,2427 E Lake Of The Isles Pkwy,Minneapolis,55405,MN,FOR_SALE,East Isles,SINGLE_FAMILY,4 Bedrooms,8  Bathrooms,$3495000,$3430100,$18223,129 Days,129 days,Lakes Sotheby's International Realty,2023-10-11,$4000000,18295,0.42,Acres,1911,2339,6.894,NULL,NULL
2017532,2736 17th Ave S,Minneapolis,55407,MN,FOR_SALE,East Phillips,MULTI_FAMILY,3 Bedrooms,2  Bathrooms,$219900,$220600,$2180,9 Days,9 days,"Bridge Realty, LLC",2024-02-08,$140000,3484,3484.8,Square Feet,1979,2339,NULL,3502920000000,27053
2017553,2642 16th Ave S,Minneapolis,55407,MN,FOR_SALE,East Phillips,MULTI_FAMILY,4 Bedrooms,2  Bathrooms,$274900,$265100,$2495,71 Days,71 days,REMAX Results,2023-12-09,$350,6969,6969.6,Square Feet,1900,2339,6.58,3502920000000,27053
1795611,5150 Irving Ave N,Minneapolis,55430,MN,FOR_SALE,Shingle Creek,SINGLE_FAMILY,4 Bedrooms,2  Bathrooms,$240500,UNKNOWN,$1975,34 Days,34 days,REMAX Results,2024-01-14,$116000,5227,5227.2,Square Feet,1964,2339,NULL,1111820000000,27053
1763578,3020 Queen Ave N,Minneapolis,55411,MN,FOR_SALE,Jordan,SINGLE_FAMILY,2 Bedrooms,1  Bathrooms,$149900,$141900,$1681,162 Days,162 days,REMAX Results,2023-09-08,$50000,5227,5227.2,Square Feet,1900,2339,NULL,802924000000,27053
1839618,1815 Newton Ave N,Minneapolis,55411,MN,FOR_SALE,Willard Hay,SINGLE_FAMILY,3 Bedrooms,2  Bathrooms,$235000,UNKNOWN,$2080,10 Days,10 days,Homefield Realty,2024-02-07,$75500,5662,5662.8,Square Feet,1921,2339,NULL,1602920000000,27053
1839330,1911 Oliver Ave N,Minneapolis,55411,MN,FOR_SALE,Willard Hay,SINGLE_FAMILY,3 Bedrooms,3  Bathrooms,$325000,$319800,$2299,93 Days,93 days,eXp Realty,2023-11-16,$1600,5662,5662.8,Square Feet,2023,2339,6.58,1602920000000,27053
1718519,3629 Colfax Ave S,Minneapolis,55409,MN,FOR_SALE,East Harriet,MULTI_FAMILY,6 Bedrooms,2  Bathrooms,$595000,$592500,$3528,17 Days,17 days,Lakes Area Realty,2024-01-31,$315000,5227,5227.2,Square Feet,1916,2339,6.615,402824000000,27053
1772999,3246 Colfax Ave N,Minneapolis,55412,MN,FOR_SALE,Mckinley,SINGLE_FAMILY,1 Bedrooms,1  Bathrooms,$129900,$121800,$1539,178 Days,178 days,REMAX Results,2023-08-23,$50000,5662,5662.8,Square Feet,1920,2339,NULL,902924000000,27053
1839625,1711 Newton Ave N,Minneapolis,55411,MN,FOR_SALE,Willard Hay,SINGLE_FAMILY,3 Bedrooms,2  Bathrooms,$182000,$176200,$1999,29 Days,29 days,eXp Realty,2024-01-19,$68000,5227,5227.2,Square Feet,1920,2339,NULL,1602920000000,27053
1694993,3530 19th Ave S,Minneapolis,55407,MN,FOR_SALE,Corcoran,SINGLE_FAMILY,2 Bedrooms,1  Bathrooms,$199900,$195400,$1698,29 Days,29 days,NextHome Metro Real Estate Services,2024-01-19,$102000,3049,3049.2,Square Feet,1900,2339,NULL,102824000000,27053
2016193,2207 16th Ave S,Minneapolis,55404,MN,FOR_SALE,Ventura Village,MULTI_FAMILY,9 Bedrooms,3  Bathrooms,$469000,$456600,$4300,129 Days,129 days,Home Found Group of Minnesota LLC,2023-10-11,$401000,6969,6969.6,Square Feet,1926,2339,6.58,3502920000000,27053
1713053,314 36th Ave N,Minneapolis,55412,MN,FOR_SALE,Mckinley,SINGLE_FAMILY,4 Bedrooms,4  Bathrooms,$339900,UNKNOWN,$2828,216 Days,216 days,REMAX HomeMasters,2023-07-16,$21500,6534,6534,Square Feet,2023,2339,6.58,302924000000,27053
1951010,1324 Mount Curve Ave,Minneapolis,55403,MN,FOR_SALE,Lowry Hill,SINGLE_FAMILY,7 Bedrooms,7  Bathrooms,$2675000,UNKNOWN,$13046,375 Days,375 days,Coldwell Banker Realty,2023-02-07,$1825000,22215,0.51,Acres,1910,2339,6.894,2802920000000,27053
1706885,3623 3rd St NE,Minneapolis,55418,MN,FOR_SALE,Columbia Park,SINGLE_FAMILY,3 Bedrooms,1  Bathrooms,$269900,$258600,$1694,42 Days,42 days,Realty Group LLC,2024-01-06,$234900,5227,5227.2,Square Feet,1942,2339,6.58,202924000000,27053
1838919,2215 Lyndale Ave N,Minneapolis,55411,MN,FOR_SALE,Hawthorne,MULTI_FAMILY,3 Bedrooms,2  Bathrooms,$239900,$230700,$2526,113 Days,113 days,Keller Williams Classic Realty,2023-10-27,$57000,9583,9583.2,Square Feet,1907,2339,NULL,1602920000000,27053
1698172,3218 Hayes St NE,Minneapolis,55418,MN,FOR_SALE,Waite Park,SINGLE_FAMILY,3 Bedrooms,1  Bathrooms,$249900,UNKNOWN,$2022,66 Days,66 days,REMAX Professionals,2023-12-13,UNKNOWN,5227,5227.2,Square Feet,1952,2339,NULL,102924000000,27053
1706140,3636 Bloomington Ave,Minneapolis,55407,MN,FOR_SALE,Powderhorn Park,SINGLE_FAMILY,3 Bedrooms,1  Bathrooms,$275000,$268800,$1898,79 Days,79 days,Coldwell Banker Realty,2023-11-30,$212500,6098,6098.4,Square Feet,1917,2339,6.58,202824000000,27053
2000683,2553 Aldrich Ave S,Minneapolis,55405,MN,FOR_SALE,Lowry Hill East,MULTI_FAMILY,5 Bedrooms,3  Bathrooms,$449000,$434800,$3528,120 Days,120 days,Compass,2023-10-20,$150000,4356,4356,Square Feet,1907,2339,6.58,3302920000000,27053
1717623,1510 31st St W,Minneapolis,55408,MN,FOR_SALE,East Calhoun,SINGLE_FAMILY,2 Bedrooms,1  Bathrooms,$298800,UNKNOWN,$1963,117 Days,117 days,eXp Realty,2023-10-23,$161580,2178,2178,Square Feet,1905,2339,6.58,402824000000,27053
1773551,3230 Oliver Ave N,Minneapolis,55412,MN,FOR_SALE,Folwell,SINGLE_FAMILY,2 Bedrooms,1  Bathrooms,$149900,$147400,$1550,29 Days,29 days,REMAX Advantage Plus,2024-01-19,$48564,4791,4791.6,Square Feet,1916,2339,NULL,902924000000,27053
2023105,2642 Longfellow Ave,Minneapolis,55407,MN,FOR_SALE,East Phillips,SINGLE_FAMILY,2 Bedrooms,1  Bathrooms,$174500,$167500,$1938,60 Days,60 days,Coldwell Banker Realty,2023-12-19,$56500,4791,4791.6,Square Feet,1923,2339,NULL,3602920000000,27053
1710748,3139 2nd Ave S,Minneapolis,55408,MN,FOR_SALE,Central,SINGLE_FAMILY,4 Bedrooms,3  Bathrooms,$454000,UNKNOWN,UNKNOWN,39 Days,39 days,homecoin.com,2024-01-09,$310000,0,0.14,Square Feet,1886,2339,6.58,302824000000,27053
1711244,3141 Lyndale Ave S,Minneapolis,55408,MN,FOR_SALE,Lyndale,SINGLE_FAMILY,4 Bedrooms,3  Bathrooms,$399900,$393700,$3528,30 Days,30 days,eXp Realty,2024-01-18,$165000,5227,5227.2,Square Feet,1907,2339,6.58,302824000000,27053
1898133,1816 3rd Ave N,Minneapolis,55405,MN,FOR_SALE,Harrison,SINGLE_FAMILY,4 Bedrooms,4  Bathrooms,$400000,$387200,$2795,75 Days,75 days,eXp Realty,2023-12-04,$270000,6534,6534,Square Feet,1995,2339,6.58,2102920000000,27053
1830932,2219 6th St N,Minneapolis,55411,MN,FOR_SALE,Hawthorne,SINGLE_FAMILY,3 Bedrooms,1  Bathrooms,$215000,$212700,$1761,16 Days,16 days,eXp Realty,2024-02-01,$195000,6534,6534,Square Feet,1900,2339,NULL,1502920000000,27053
1839093,1611 22nd Ave N,Minneapolis,55411,MN,FOR_SALE,Jordan,SINGLE_FAMILY,3 Bedrooms,1  Bathrooms,$199900,$200600,$1794,11 Days,11 days,REMAX Results,2024-02-06,$47705,5662,5662.8,Square Feet,1906,2339,NULL,1602920000000,27053
1719298,4010 Colfax Ave N,Minneapolis,55412,MN,FOR_SALE,Webber-Camden,SINGLE_FAMILY,3 Bedrooms,1  Bathrooms,$181500,$179100,$1988,29 Days,29 days,eXp Realty,2024-01-19,$55000,6534,6534,Square Feet,1909,2339,NULL,402924000000,27053
1775143,2631 Girard Ave N,Minneapolis,55411,MN,FOR_SALE,Jordan,MULTI_FAMILY,3 Bedrooms,2  Bathrooms,$199900,$195900,$2197,51 Days,51 days,REMAX Results,2023-12-28,$75000,5227,5227.2,Square Feet,1900,2339,NULL,902924000000,27053
1712996,3742 Lyndale Ave N,Minneapolis,55412,MN,FOR_SALE,Mckinley,SINGLE_FAMILY,5 Bedrooms,2  Bathrooms,$279000,$268100,$2566,173 Days,173 days,Keller Williams Integrity Realty,2023-08-28,$134000,6098,6098.4,Square Feet,1926,2339,6.58,302924000000,27053
339746412,3108 45th Ave S,Minneapolis,55406,MN,FOR_SALE,Cooper,SINGLE_FAMILY,4 Bedrooms,4  Bathrooms,$824990,$810400,$4411,30 Days,30 days,Lakes Area Realty  G.V.,2024-01-18,$190000,4791,4791.6,Square Feet,2023,2339,6.615,602823000000,27053
1720628,3714 Girard Ave N,Minneapolis,55412,MN,FOR_SALE,Folwell,SINGLE_FAMILY,5 Bedrooms,2  Bathrooms,$285000,$284700,$2557,15 Days,15 days,Keller Williams Integrity Realty,2024-02-02,$150000,5227,5227.2,Square Feet,1909,2339,6.58,402924000000,27053
2001806,2738 Colfax Ave S,Minneapolis,55408,MN,FOR_SALE,Lowry Hill East,MULTI_FAMILY,4 Bedrooms,2  Bathrooms,$435000,$435000,$3118,17 Days,17 days,Keller Williams Integrity RE,2024-01-31,$330000,5227,5227.2,Square Feet,1900,2339,6.58,3302920000000,27053
1772663,3323 Girard Ave N,Minneapolis,55412,MN,FOR_SALE,Folwell,SINGLE_FAMILY,3 Bedrooms,1  Bathrooms,$169900,$172500,$1863,9 Days,9 days,NextHome Metro Real Estate Services,2024-02-08,$76000,5662,5662.8,Square Feet,1917,2339,NULL,902924000000,27053
1774024,2929 Knox Ave N,Minneapolis,55411,MN,FOR_SALE,Jordan,SINGLE_FAMILY,6 Bedrooms,2  Bathrooms,$315000,$316300,$3467,16 Days,16 days,REMAX Advantage Plus,2024-02-01,$220000,10018,10018.8,Square Feet,1892,2339,6.58,902924000000,27053
1850686,1643 Upton Ave N,Minneapolis,55411,MN,FOR_SALE,Willard Hay,SINGLE_FAMILY,4 Bedrooms,2  Bathrooms,$275000,$265800,$2579,56 Days,56 days,Kris Lindahl Real Estate,2023-12-23,$135000,6098,6098.4,Square Feet,1937,2339,6.58,1702920000000,27053
1774787,713 31st Ave N,Minneapolis,55411,MN,FOR_SALE,Hawthorne,MULTI_FAMILY,3 Bedrooms,2  Bathrooms,$215000,UNKNOWN,UNKNOWN,10 Days,10 days,REMAX Results,2024-02-07,$95000,6098,6098.4,Square Feet,1904,2339,NULL,902924000000,27053
1950906,1820 Knox Ave S,Minneapolis,55403,MN,FOR_SALE,Lowry Hill,SINGLE_FAMILY,5 Bedrooms,7  Bathrooms,$2395000,$2242300,$12439,180 Days,180 days,Coldwell Banker Realty,2023-08-21,$1340000,10018,10018.8,Square Feet,1927,2339,6.894,2802920000000,27053
1781764,3917 Garfield Ave,Minneapolis,55409,MN,FOR_SALE,Kingfield,MULTI_FAMILY,4 Bedrooms,2  Bathrooms,$600000,$582700,$2998,80 Days,80 days,Realty Group LLC,2023-11-29,$600000,5227,5227.2,Square Feet,1905,2339,6.615,1002820000000,27053
1840170,1519 Girard Ave N,Minneapolis,55411,MN,FOR_SALE,Near North,SINGLE_FAMILY,5 Bedrooms,2  Bathrooms,$239900,UNKNOWN,UNKNOWN,106 Days,106 days,Coldwell Banker Realty,2023-11-03,$180000,5662,5662.8,Square Feet,1900,2339,NULL,1602920000000,27053
1812839,427 Pierce St NE,Minneapolis,55413,MN,FOR_SALE,Beltrami,SINGLE_FAMILY,6 Bedrooms,3  Bathrooms,$399900,UNKNOWN,UNKNOWN,157 Days,157 days,Keller Williams Premier Realty Lake Minnetonka,2023-09-13,UNKNOWN,3049,3049.2,Square Feet,1927,2339,6.58,1302920000000,27053
1697026,3426 Lincoln St NE,Minneapolis,55418,MN,FOR_SALE,Waite Park,SINGLE_FAMILY,2 Bedrooms,1  Bathrooms,$284900,$289500,$1379,23 Days,23 days,"Legacy Luxury Real Estate, LLC",2024-01-25,$146400,5000,5000,Square Feet,1942,2339,6.58,102924000000,27053
2052872839,1914 E 22nd St,Minneapolis,55404,MN,FOR_SALE,Seward,MULTI_FAMILY,4 Bedrooms,4  Bathrooms,$399000,UNKNOWN,UNKNOWN,9 Days,9 days,REMAX Results,2024-02-08,UNKNOWN,3484,3484.8,Square Feet,1897,2339,6.58,NULL,NULL
1719310,4043 Colfax Ave N,Minneapolis,55412,MN,FOR_SALE,Webber-Camden,SINGLE_FAMILY,3 Bedrooms,2  Bathrooms,$210000,$213800,$1828,5 Days,5 days,"TheMLSonline.com, Inc.",2024-02-12,$159000,4356,4356,Square Feet,1902,2339,NULL,402924000000,27053
1807704,5208 Bryant Ave N,Minneapolis,55430,MN,FOR_SALE,Lind-Bohanon,SINGLE_FAMILY,4 Bedrooms,2  Bathrooms,$279900,$270100,$2214,53 Days,53 days,Realty Executives Top Results,2023-12-26,$315000,8276,8276.4,Square Feet,1926,2339,6.58,1211820000000,27053
1763862,2631 Thomas Ave N,Minneapolis,55411,MN,FOR_SALE,Willard Hay,SINGLE_FAMILY,4 Bedrooms,2  Bathrooms,$213000,UNKNOWN,UNKNOWN,16 Days,16 days,Keller Williams Classic Rlty NW,2024-02-01,$201500,5227,5227.2,Square Feet,1914,2339,NULL,802924000000,27053
1696803,3613 Polk St NE,Minneapolis,55418,MN,FOR_SALE,Waite Park,SINGLE_FAMILY,3 Bedrooms,2  Bathrooms,$549900,$540700,$2191,37 Days,37 days,Keller Williams Classic Realty,2024-01-11,UNKNOWN,7405,7405.2,Square Feet,2002,2339,6.58,102924000000,27053
2052950741,3404 Wilshire Pl NE,Minneapolis,55418,MN,FOR_SALE,Waite Park,SINGLE_FAMILY,2 Bedrooms,1  Bathrooms,$459900,UNKNOWN,UNKNOWN,14 Days,14 days,Coldwell Banker Realty,2024-02-03,UNKNOWN,5280,5280,Square Feet,2024,2339,6.58,NULL,NULL
1719432,4247 James Ave N,Minneapolis,55412,MN,FOR_SALE,Webber-Camden,SINGLE_FAMILY,3 Bedrooms,2  Bathrooms,$260000,$258900,$2160,22 Days,22 days,eXp Realty,2024-01-26,$195000,8276,8276.4,Square Feet,1949,2339,6.58,402924000000,27053
1775271,2714 Colfax Ave N,Minneapolis,55411,MN,FOR_SALE,Hawthorne,SINGLE_FAMILY,3 Bedrooms,2  Bathrooms,$284900,UNKNOWN,$2381,92 Days,92 days,"Sandy Green Realty, Inc.",2023-11-17,$18700,5227,5227.2,Square Feet,2023,2339,6.58,902924000000,27053
1781048,3828 Clinton Ave,Minneapolis,55409,MN,FOR_SALE,Bryant,SINGLE_FAMILY,4 Bedrooms,2  Bathrooms,$369900,$364800,$3327,18 Days,18 days,"Banneker Realty, LLC",2024-01-30,$100000,5227,5227.2,Square Feet,1916,2339,6.58,1002820000000,27053
1838871,2127 Aldrich Ave N,Minneapolis,55411,MN,FOR_SALE,Hawthorne,MULTI_FAMILY,4 Bedrooms,2  Bathrooms,$269990,UNKNOWN,UNKNOWN,15 Days,15 days,Keller Williams Realty Integrity-Edina,2024-02-02,$67545,7840,7840.8,Square Feet,1900,2339,6.58,1602920000000,27053
2088452101,2529 Polk St NE,Minneapolis,55418,MN,FOR_SALE,Audubon Park,MULTI_FAMILY,6 Bedrooms,4  Bathrooms,$775000,$772500,$4100,92 Days,92 days,Realty ONE Group Choice,2023-11-17,UNKNOWN,10454,10454.4,Square Feet,1900,2339,6.615,NULL,NULL
1717221,3140 Fremont Ave S,Minneapolis,55408,MN,FOR_SALE,Calhoun,SINGLE_FAMILY,4 Bedrooms,2  Bathrooms,$549900,$559200,$2913,5 Days,5 days,"Gold Group Realty, LLC",2024-02-12,UNKNOWN,6098,6098.4,Square Feet,1909,2339,6.58,402824000000,27053
1728370,3850 Upton Ave N,Minneapolis,55412,MN,FOR_SALE,Victory,SINGLE_FAMILY,3 Bedrooms,1  Bathrooms,$310000,$314500,$1860,10 Days,10 days,Land and Living Realty,2024-02-07,$281475,5227,5227.2,Square Feet,1924,2339,6.58,502924000000,27053
1772383,3550 Girard Ave N,Minneapolis,55412,MN,FOR_SALE,Folwell,SINGLE_FAMILY,2 Bedrooms,1  Bathrooms,$134900,UNKNOWN,$1594,62 Days,62 days,NextHome Metro Real Estate Services,2023-12-17,$60000,5227,5227.2,Square Feet,1918,2339,NULL,902924000000,27053
2022304,2200 28th Ave S,Minneapolis,55406,MN,FOR_SALE,Seward,SINGLE_FAMILY,6 Bedrooms,2  Bathrooms,$495000,$477400,$3229,169 Days,169 days,Coldwell Banker Realty,2023-09-01,$90000,4791,4791.6,Square Feet,1969,2339,6.58,3602920000000,27053
1808739,4649 Colfax Ave N,Minneapolis,55412,MN,FOR_SALE,Lind-Bohanon,SINGLE_FAMILY,4 Bedrooms,1  Bathrooms,$234990,UNKNOWN,UNKNOWN,30 Days,30 days,eXp Realty,2024-01-18,$210000,4791,4791.6,Square Feet,1900,2339,NULL,1211820000000,27053
1830799,626 23rd Ave N,Minneapolis,55411,MN,FOR_SALE,Hawthorne,SINGLE_FAMILY,5 Bedrooms,1  Bathrooms,$195000,$217400,$2064,100 Days,100 days,Rize Realty,2023-11-09,$220000,4791,4791.6,Square Feet,1883,2339,NULL,1502920000000,27053
1921090,1023 17th Ave SE,Minneapolis,55414,MN,FOR_SALE,Southeast Como,MULTI_FAMILY,9 Bedrooms,5  Bathrooms,$849900,$855200,$3300,4 Days,4 days,"Gold Group Realty, LLC",2024-02-13,$373169,5662,5662.8,Square Feet,1900,2339,6.615,2402920000000,27053
1960012,1148 Xerxes Ave S,Minneapolis,55405,MN,FOR_SALE,Bryn Mawr,SINGLE_FAMILY,3 Bedrooms,3  Bathrooms,$825000,$802900,$4424,24 Days,24 days,Keller Williams Integrity Realty,2024-01-24,$220000,15245,0.35,Acres,1941,2339,6.615,2902920000000,27053
1772471,3549 Dupont Ave N,Minneapolis,55412,MN,FOR_SALE,Folwell,SINGLE_FAMILY,4 Bedrooms,4  Bathrooms,$339900,$332800,$2800,216 Days,216 days,REMAX HomeMasters,2023-07-16,$3800,5227,5227.2,Square Feet,2023,2339,6.58,902924000000,27053
1697595,3049 Central Ave NE,Minneapolis,55418,MN,FOR_SALE,Audubon Park,SINGLE_FAMILY,4 Bedrooms,2  Bathrooms,$459900,$448400,$2262,71 Days,71 days,Ewing Real Estate Group,2023-12-08,$135000,4791,4791.6,Square Feet,1913,2339,6.58,102924000000,27053
1801071,4051 Nokomis Ave S,Minneapolis,55406,MN,FOR_SALE,Standish,SINGLE_FAMILY,4 Bedrooms,4  Bathrooms,$765750,$771900,$1950,7 Days,7 days,Lakes Area Realty  G.V.,2024-02-10,$130000,5227,5227.2,Square Feet,2024,2339,6.615,1202820000000,27053
1791090,3904 Oakland Ave,Minneapolis,55407,MN,FOR_SALE,Bryant,SINGLE_FAMILY,2 Bedrooms,2  Bathrooms,$269900,UNKNOWN,UNKNOWN,11 Days,11 days,Land of Lakes Rlty,2024-02-06,$50000,4791,4791.6,Square Feet,1916,2339,6.58,1102820000000,27053
1710618,3036 Clinton Ave,Minneapolis,55408,MN,FOR_SALE,Central,SINGLE_FAMILY,4 Bedrooms,2  Bathrooms,$299900,$294800,$2495,30 Days,30 days,REMAX Advantage Plus,2024-01-18,$155500,5227,5227.2,Square Feet,1909,2339,6.58,302824000000,27053
1796211,5100 Washburn Ave N,Minneapolis,55430,MN,FOR_SALE,Shingle Creek,SINGLE_FAMILY,2 Bedrooms,1  Bathrooms,$229900,$226500,$1599,24 Days,24 days,NextHome Metro Real Estate Services,2024-01-24,$72000,5227,5227.2,Square Feet,1952,2339,NULL,1111820000000,27053
1849994,2031 Queen Ave N,Minneapolis,55411,MN,FOR_SALE,Willard Hay,SINGLE_FAMILY,4 Bedrooms,3  Bathrooms,$330000,UNKNOWN,$2768,23 Days,23 days,eXp Realty,2024-01-25,$5000,5227,5227.2,Square Feet,2024,2339,6.58,1702920000000,27053
1850008,1914 Russell Ave N,Minneapolis,55411,MN,FOR_SALE,Willard Hay,SINGLE_FAMILY,3 Bedrooms,1  Bathrooms,$225000,$227100,$1862,8 Days,8 days,Homefield Realty,2024-02-09,$12500,5227,5227.2,Square Feet,1912,2339,NULL,1702920000000,27053
1712947,3827 N 6th St,Minneapolis,55412,MN,FOR_SALE,Webber-Camden,SINGLE_FAMILY,3 Bedrooms,2  Bathrooms,$189900,$188300,$1835,29 Days,29 days,REMAX Advantage Plus,2024-01-20,$94250,6098,6098.4,Square Feet,1905,2339,NULL,302924000000,27053
1774150,3114 Morgan Ave N,Minneapolis,55411,MN,FOR_SALE,Jordan,SINGLE_FAMILY,4 Bedrooms,2  Bathrooms,$189900,$187700,$2160,30 Days,30 days,REMAX Advantage Plus,2024-01-18,$101000,5227,5227.2,Square Feet,1919,2339,NULL,902924000000,27053
1774957,2931 Fremont Ave N,Minneapolis,55411,MN,FOR_SALE,Jordan,SINGLE_FAMILY,4 Bedrooms,2  Bathrooms,$219900,$222900,$2340,24 Days,24 days,REMAX Advantage Plus,2024-01-24,$117000,7405,7405.2,Square Feet,1889,2339,NULL,902924000000,27053
1897495,1006 Logan Ave N,Minneapolis,55411,MN,FOR_SALE,Near North,SINGLE_FAMILY,4 Bedrooms,1  Bathrooms,$224900,$225300,$1994,11 Days,11 days,DRG,2024-02-06,$189338,3484,3484.8,Square Feet,1917,2339,NULL,2102920000000,27053
2017407,2614 17th Ave S,Minneapolis,55407,MN,FOR_SALE,East Phillips,SINGLE_FAMILY,3 Bedrooms,1  Bathrooms,$259900,$257700,$1832,11 Days,11 days,Land of Lakes Rlty,2024-02-06,$61000,3484,3484.8,Square Feet,1900,2339,6.58,3502920000000,27053
1728384,3807 Upton Ave N,Minneapolis,55412,MN,FOR_SALE,Victory,SINGLE_FAMILY,1 Bedrooms,1  Bathrooms,$179999,$177600,$1389,19 Days,19 days,"Bridge Realty, LLC",2024-01-29,$80000,5227,5227.2,Square Feet,1922,2339,NULL,502924000000,27053
1760068,3810 York Ave S,Minneapolis,55410,MN,FOR_SALE,Linden Hills,SINGLE_FAMILY,4 Bedrooms,2  Bathrooms,$1139900,UNKNOWN,UNKNOWN,29 Days,29 days,Century 21 Premier Group,2024-01-19,UNKNOWN,7405,7405.2,Square Feet,1955,2339,6.894,802824000000,27053
1887669,907 Penn Ave N,Minneapolis,55411,MN,FOR_SALE,Willard Hay,MULTI_FAMILY,6 Bedrooms,2  Bathrooms,$319900,$309600,$2995,69 Days,69 days,Coldwell Banker Realty,2023-12-10,$47500,5662,5662.8,Square Feet,1907,2339,6.58,2002920000000,27053
1773937,3122 Irving Ave N,Minneapolis,55411,MN,FOR_SALE,Jordan,SINGLE_FAMILY,4 Bedrooms,2  Bathrooms,$169000,$162300,$2303,158 Days,158 days,Home-Mart Realty,2023-09-12,$140000,5227,5227.2,Square Feet,1923,2339,NULL,902924000000,27053
2000900,2217 Penn Ave S,Minneapolis,55405,MN,FOR_SALE,Kenwood,SINGLE_FAMILY,4 Bedrooms,3  Bathrooms,$1195000,$1130400,$6151,164 Days,164 days,Lakes Sotheby's International Realty,2023-09-06,$868675,6534,6534,Square Feet,1923,2339,6.894,3302920000000,27053
1774933,3022 Humboldt Ave N,Minneapolis,55411,MN,FOR_SALE,Jordan,SINGLE_FAMILY,3 Bedrooms,1  Bathrooms,$154900,$152200,$1599,38 Days,38 days,REMAX Professionals,2024-01-10,$19000,5662,5662.8,Square Feet,1916,2339,NULL,902924000000,27053
1720955,3637 Lyndale Ave N,Minneapolis,55412,MN,FOR_SALE,Mckinley,SINGLE_FAMILY,5 Bedrooms,2  Bathrooms,$239900,$236800,$2666,35 Days,35 days,REMAX Advantage Plus,2024-01-13,$128000,4791,4791.6,Square Feet,1996,2339,NULL,402924000000,27053
1951080,1408 Douglas Ave #1,Minneapolis,55403,MN,FOR_SALE,Lowry Hill,MULTI_FAMILY,2 Bedrooms,1  Bathrooms,$499900,UNKNOWN,UNKNOWN,22 Days,22 days,"Edina Realty, Inc.",2024-01-26,$420000,6969,6969.6,Square Feet,1925,2339,6.58,2802920000000,27053
2017557,2630 14th Ave S,Minneapolis,55407,MN,FOR_SALE,Midtown Phillips,SINGLE_FAMILY,3 Bedrooms,2  Bathrooms,$269900,$264500,$2350,35 Days,35 days,REMAX Advantage Plus,2024-01-13,$102000,3920,3920.4,Square Feet,1900,2339,6.58,3502920000000,27053
1849971,2025 Penn Ave N,Minneapolis,55411,MN,FOR_SALE,Willard Hay,SINGLE_FAMILY,3 Bedrooms,1  Bathrooms,$154900,$148200,$1949,38 Days,38 days,eXp Realty,2024-01-10,$30000,5227,5227.2,Square Feet,1926,2339,NULL,1702920000000,27053
1991805,2728 Dean Pkwy,Minneapolis,55416,MN,FOR_SALE,Cedar-Isles-Dean,SINGLE_FAMILY,5 Bedrooms,8  Bathrooms,$2375000,$2212000,$12485,110 Days,110 days,Coldwell Banker Realty,2023-10-30,$620000,19602,0.45,Acres,1926,2339,6.894,3202920000000,27053
1762044,3447 Thomas Ave N,Minneapolis,55412,MN,FOR_SALE,Cleveland,SINGLE_FAMILY,3 Bedrooms,1  Bathrooms,$250000,$247300,$1814,23 Days,23 days,Keller Williams Integrity Realty,2024-01-25,$255000,4791,4791.6,Square Feet,1962,2339,NULL,802924000000,27053
1784315,3232 2nd St N,Minneapolis,55412,MN,FOR_SALE,Mckinley,SINGLE_FAMILY,2 Bedrooms,1  Bathrooms,$179900,$179200,$1649,10 Days,10 days,Tangletown Realty,2024-02-07,$40000,2178,2178,Square Feet,1900,2339,NULL,1002920000000,27053
